{
  "timestamp": "2025-04-24T08:30:27.032708",
  "system_info": {
    "os": "Darwin",
    "machine": "arm64",
    "python_version": "3.12.3 (v3.12.3:f6650f9ad7, Apr  9 2024, 08:18:47) [Clang 13.0.0 (clang-1300.0.29.30)]"
  },
  "benchmarks": [
    {
      "type": "plugins",
      "duration_seconds": 0.0869290828704834,
      "plugin_count": 3,
      "plugins": [
        "git",
        "github",
        "adr"
      ]
    },
    {
      "type": "build",
      "incremental": false,
      "duration_seconds": 14.299592018127441,
      "db_size_bytes": 225280,
      "node_count": 217,
      "edge_count": 474
    },
    {
      "type": "build",
      "incremental": true,
      "duration_seconds": 0.031916141510009766,
      "db_size_bytes": 225280,
      "node_count": 217,
      "edge_count": 474
    },
    {
      "type": "trace",
      "file_path": "README.md",
      "line_number": 1,
      "iterations": 10,
      "durations_seconds": [
        9.608268737792969e-05,
        2.9087066650390625e-05,
        2.288818359375e-05,
        2.288818359375e-05,
        2.1219253540039062e-05,
        2.09808349609375e-05,
        2.09808349609375e-05,
        2.09808349609375e-05,
        2.002716064453125e-05,
        2.288818359375e-05
      ],
      "avg_duration_seconds": 2.9802322387695312e-05,
      "min_duration_seconds": 2.002716064453125e-05,
      "max_duration_seconds": 9.608268737792969e-05,
      "result_count": 0,
      "failed_iterations": 0
    }
  ]
}