{
  "timestamp": "2025-04-24T08:30:48.095459",
  "system_info": {
    "os": "Darwin",
    "machine": "arm64",
    "python_version": "3.12.3 (v3.12.3:f6650f9ad7, Apr  9 2024, 08:18:47) [Clang 13.0.0 (clang-1300.0.29.30)]"
  },
  "benchmarks": [
    {
      "type": "plugins",
      "duration_seconds": 0.08508610725402832,
      "plugin_count": 3,
      "plugins": [
        "git",
        "github",
        "adr"
      ]
    },
    {
      "type": "build",
      "incremental": false,
      "duration_seconds": 127.79980206489563,
      "db_size_bytes": 1556480,
      "node_count": 2360,
      "edge_count": 3462
    },
    {
      "type": "build",
      "incremental": true,
      "duration_seconds": 0.10822391510009766,
      "db_size_bytes": 1556480,
      "node_count": 2360,
      "edge_count": 3462
    },
    {
      "type": "trace",
      "file_path": "README.rst",
      "line_number": 1,
      "iterations": 10,
      "durations_seconds": [
        0.00010895729064941406,
        4.57763671875e-05,
        3.1948089599609375e-05,
        3.0279159545898438e-05,
        2.7894973754882812e-05,
        2.7894973754882812e-05,
        2.9325485229492188e-05,
        2.574920654296875e-05,
        2.4080276489257812e-05,
        2.4080276489257812e-05
      ],
      "avg_duration_seconds": 3.7598609924316404e-05,
      "min_duration_seconds": 2.4080276489257812e-05,
      "max_duration_seconds": 0.00010895729064941406,
      "result_count": 0,
      "failed_iterations": 0
    }
  ]
}